<?xml version="1.0" encoding="utf-8"?>

<extension 
	type="module"
	version="3.3"
	method="upgrade"
	client="administrator"> 
	<name>Latest Extensions</name>
	<creationDate>April 2013</creationDate>
	<author>Giuseppe Tiberi</author>
	<authorEmail>g.tiberi@verdeindustry.it</authorEmail>
	<authorUrl>http://www.verdeindustry.com</authorUrl>
	<copyright>Copyright (C) 2015 Verde Industry Srl. All Rights Reserved</copyright>
	<license>GNU GPL</license>
	<version>1.0.0</version>
	<description>Displays the most recently installed extensions.  - Mostra le più recenti Estensioni installate</description>
	<files>
		<filename module="mod_latestextensions">mod_latestextensions.php</filename>
		<filename>helper.php</filename>
		<filename>index.html</filename>
		<folder>tmpl</folder>
	</files>
	<config>
		<fields name="params">
				<fieldset name="basic">
							<field name="count" type="text" default="5" label="Count" description="The number of items to display (default is 5)" />
				</fieldset>
			
				<fieldset name="advanced">
							<field
								name="moduleclass_sfx"
								type="text"
								label="COM_MODULES_FIELD_MODULECLASS_SFX_LABEL"
								description="COM_MODULES_FIELD_MODULECLASS_SFX_DESC"
							/>
				</fieldset>	
		</fields>	
	</config>
</extension>

<!-- the "version" attribute indicates the minimum Joomla! version that this module should be installed on -->
 
<!-- the "upgrade" method indicates that this module can be installed over the top of previous versions without uninstalling and deleting all data. -->

<!-- The "client" attribute indicates whether this module is a frontend module (site) or a backend module (administrator).-->

<!-- The "author", "creationDate", "copyright", "license", "authorEmail" and "authorUrl" tags are pretty self-explanatory -->

<!-- The "version" tag is important, each time you release a new version of your extension you should adjust this version number. You should use a three digit version number separated by full stops. Joomla! uses the version_compare PHP command -->

<!-- The "description" tag is the text that the user will see when they initially install the module. -->

<!-- The "files" tag tells Joomla! all the files and folders that this module will use. You don't include the XML file in this, but any other files or folders need to be mentioned. -->

<!-- There is a "config" tag that contains "fields" and "fieldset" tags; these are the module parameters (also known as options). -->

